Company_Name,Promoter_Holding,Promoter_Pledged,Institutional_Holding,Sales,Sales_Growth_Pct,BVPS,BV_Growth_Pct,Total_Equity,Profit,Profit_Growth_Pct,Other_Income,Total_Expenses,RnD_Expenses,Beta,P_E,StockReturnPct,Sector
3M India Ltd.,75,0,12.07,39267.7,5.178052472,2104.01,21.68308185,23701.9,5362.7,28.86768876,30.9,34201.2,455.2,0.81,65.24,35.12431147,Industrials
A B B India Ltd.,75,0,17.84,104465.2,21.93152519,302.2,26.36420656,59446,12420.5,22.22134753,246.6,95505.9,0,0.8,96.61,91.36470691,Industrials
A C C Ltd.,56.69,0,30.97,221673.2,-11.23890552,852.64,14.10218666,160219.5,21242.4,144.1907784,85.2,207846.1,23,1,28.8,43.61970672,Materials
A I A Engineering Ltd.,58.47,0,38.71,41487,2.550475588,684.46,17.95746734,64558.3,11294.5,16.57875995,3.2,34085.7,0,0.64,31.8,39.66712644,Industrials
A P L Apollo Tubes Ltd.,29.44,0,44.75,143737.7,-3.028861755,104.11,12.30852211,28893.9,4537.1,-11.37091733,106.2,138382.6,0,1.25,96.47,30.3083553,Materials
Aarti Industries Ltd.,43.43,3.68,28.2,68654.9,-4.574403024,146,7.550644567,52924,4173.5,-23.53005845,1201.8,66773.7,33.6,1.02,63.82,31.92530013,Materials
Abbott India Ltd.,74.99,0,9.09,58764.1,9.222282319,1740.71,16.00634442,36988.9,12012.2,26.52278784,4.8,49145.8,9.6,0.34,47.68,18.60677886,Healthcare
Action Construction Equipment Ltd.,66.76,0,11.61,29125.1,34.91962755,102.89,34.76096922,12197.9,3276.4,103.2506203,50.5,27098,204.5,1.67,56.13,263.9151791,Industrials
Adani Energy Solutions Ltd.,73.22,2.58,21.29,15173.5,120.5450581,97.91,5.76860754,109215.4,5949.1,249.3716232,26.7,19169.8,0,1.38,200.45,3.472728156,Utilities
Adani Enterprises Ltd.,72.61,0.08,20.18,320148.8,-44.70484991,145.96,19.4142191,166395.5,28442.6,75.27623203,48.3,297872.4,0,1.92,128.65,58.6898361,Industrials
Adani Green Energy Ltd.,56.37,1.02,19.7,120010,57.30764189,27.85,-10.10329245,74980,-5460,66.46341463,240,155760,0,1.13,0,89.02733964,Utilities
Adani Ports & Special Economic Zone Ltd.,65.89,1.7,26.81,68685.6,34.00656321,135.12,2.286146858,293541.6,17383.5,-462.5868219,825.4,70494.7,0,1.38,173.99,94.46646118,Industrials
Adani Power Ltd.,71.75,16.1,17.32,385356,14.07795013,77.61,133.6946703,394480.5,187492.4,82.98814677,3429.9,311639.5,0,1.72,13.67,172.3815877,Utilities
Adani Total Gas Ltd.,74.8,0,19.26,48142.2,2.792391917,32.4,21.30288282,35633.7,6531,23.26827979,35.1,42071.2,0,1.56,159.19,-1.682539683,Utilities
Adani Wilmar Ltd.,87.87,0,1.06,492426.2,-10.89322975,63.65,3.563293199,82720.3,2781.6,-54.19198656,73.6,492353.4,0,1.76,160.51,-13.17227146,Consumer Staples
Aditya Birla Fashion & Retail Ltd.,51.85,0,34.79,130308.1,4.948628303,49.74,42.48066457,50489.7,-1777.3,-234.1156052,406.5,133224.2,0,1.14,0,18.12261397,Consumer Discretionary
Aditya Birla Real Estate Ltd.,50.21,0,25.12,38735.5,1.579996329,400.45,6.889280376,43778.7,1511.6,-58.95848606,152.8,36151.2,28.8,1.56,58.71,193.5474388,Consumer Discretionary
Aegis Logistics Ltd.,58.1,0,23.11,29834.4,-3.0431448,66.63,7.623970279,23824.8,4118.3,-49.61214702,173.9,26965.4,0,1.11,61.47,75.37322955,Energy
Affle (India) Ltd.,56.92,0,29.58,5660,14.38965238,123.47,80.98798006,17311.3,759.6,13.57655502,0.3,5263.6,0,1.35,206.9,20.21681962,Information Technology
Ajanta Pharma Ltd.,66.21,12.26,26.03,39711.2,16.41177626,271.09,16.42758976,34135.7,8072.4,44.48024055,18.8,33025.3,2077.3,0.44,33.71,68.78333079,Healthcare
Alembic Pharmaceuticals Ltd.,69.61,0,19.84,58316.3,13.728209,249.74,11.20808657,49089.1,6664.8,92.21872927,428.8,52950.1,4726.2,0.52,29.71,79.73568282,Healthcare
Alkem Laboratories Ltd.,56.74,0,24.74,100829.7,7.58151594,882.75,12.88507526,105546.1,17471.5,54.00583532,332.2,87103.6,4637.7,0.47,31.89,37.6976552,Healthcare
Alkyl Amines Chemicals Ltd.,71.96,0,4.14,14406,-14.40539497,247.87,8.358469945,12671.4,1488.7,-34.89460334,2.8,13143.8,77.8,0.98,69.33,-13.48773266,Materials
Alok Industries Ltd.,75,0,2.71,53936.7,-21.41734257,-36.52,4.701834862,-181348.3,-8137.1,-6.992879105,46.2,61444.6,0,1.22,0,116.6666667,Consumer Discretionary
Amara Raja Energy & Mobility Ltd.,32.86,0,39.8,112685,8.354295517,369.82,18.44852988,67686.5,9058.6,23.96983756,160.5,106271.7,95.7,1.04,22.42,82.9479288,Industrials
Amber Enterprises India Ltd.,40.31,0,41.82,45097,-10.2599054,508.69,3.569101718,17139.6,405.6,-17.0891251,8,44974.5,0,0.71,364.17,105.9124244,Industrials
Ambuja Cements Ltd.,70.33,0,22.84,196904.9,-11.62190196,184.08,55.53865653,370065,23346.9,-8.568664847,738.1,183305.3,0,1.05,70.59,56.34300126,Materials
Anant Raj Ltd.,60,0,15.17,7988,23.13858486,99.58,16.87793427,34043.9,1361.5,23.07900922,8,7666.8,0,1.42,95.43,156.2853107,Consumer Discretionary
Apar Industries Ltd.,57.77,0,30.45,151667.3,15.03088377,920.06,70.9608488,36957.2,8232.8,36.60770584,93.4,145712.4,159.7,0.67,39.4,180.2760043,Industrials
Apollo Hospitals Enterprise Ltd.,29.33,16.09,65.41,72738,11.47927906,536.28,11.35150848,77109,10105,-6.849188791,33,64432,0,0.61,84.45,31.75665197,Healthcare
Apollo Tyres Ltd.,37.36,1.07,41.7,173015.3,2.004836842,164.33,8.74859374,104394.3,11540.3,121.9501875,2289.4,164981.5,1711.9,1.63,27.85,47.045258,Consumer Discretionary
Archean Chemical Inds. Ltd.,53.45,4.55,33,13295.8,-7.736612378,138.29,18.79563611,17064.2,3223.5,-15.97810504,56.9,10137.9,0,0,25.32,18.40791504,Materials
Asahi India Glass Ltd.,54.23,3.94,5.4,41462.9,5.816704395,99.28,13.46285714,24134.8,3355.3,-8.778750476,69.1,38437.7,45.4,1.25,43.35,25.81555834,Industrials
Ashok Leyland Ltd.,51.52,22.1,33.75,390825.5,6.3738492,25.05,-12.71777003,88103.7,26178.7,89.68560477,393.2,373679.3,4547.2,1.54,22.83,31.99725934,Industrials
Asian Paints Ltd.,52.63,7.04,27.59,373193.8,4.001678769,192.09,18.21650563,184250.9,53215.5,29.78820442,1597.8,324329.9,1158.6,0.67,52.52,-0.911330474,Materials
Aster D M Healthcare Ltd.,41.88,98.87,47.53,20365,32.78000183,-60.4,-211.090675,32942.4,1569.6,-9.423509724,110,19285.6,0,0.99,110.4,40.97995546,Healthcare
Astral Ltd.,54.1,0,34.07,51034,10.66441148,116.46,16.81043129,31298,5504,22.88457245,31,46671,2.5,0.82,102.89,46.32815199,Industrials
Astrazeneca Pharma India Ltd.,75,0,6.51,12955.3,29.16936698,284.77,20.93171395,7119.2,1615.1,62.66492094,20.2,12190.2,0,0.51,88.05,67.33733749,Healthcare
Atul Ltd.,45.17,0.98,34.15,43607.8,-13.88750111,1728.63,11.1666313,50894,3845.7,-30.35044825,85.4,40167.4,339.6,0.73,46.16,-12.89146633,Materials
Aurobindo Pharma Ltd.,51.83,20.86,41.3,106456.4,25.87962635,336.6,9.363831308,197228.2,19541.4,59.24733724,252.5,94778.3,6021.7,0.98,35,86.95299838,Healthcare
Avanti Feeds Ltd.,43.25,0,24.3,42902.6,6.159080505,145.71,12.56953028,19852.6,3080.6,32.3054458,42.8,41341.5,0,1.24,23.44,47.20110574,Consumer Staples
Avenue Supermarts Ltd.,74.65,0,16.85,545448.4,18.36674463,296.29,16.37470542,192806.1,26949.2,5.418557346,34.1,526535,0,0.97,111.09,31.08956563,Consumer Staples
B A S F India Ltd.,73.33,0,10.78,142043.8,1.508508721,744.72,19.34041633,32235.8,5633.5,39.82724813,175.4,136882.3,0,0.67,29.24,57.45528096,Materials
B E M L Ltd.,54.03,0,27.69,47285.4,3.89518507,634.59,10.34236929,26428.4,2830.2,78.24663056,493.2,45952.9,829,1.52,59.49,188.2638175,Industrials
B L S International Services Ltd.,71.52,0,8.82,1186.4,36.63480364,2.17,14.21052632,894.6,370.1,-10.27878788,4.5,1170.9,0,1.62,388.88,95.37346711,Industrials
B S E Ltd.,0,0,48.06,1125.2,7.233393691,210.08,25.42089552,28439.6,7533.9,351.3749925,60.9,10430.9,0,1.42,50.57,433.5915089,Financials
Bajaj Auto Ltd.,55.06,0.01,23.06,449688.3,22.84679238,890.48,-0.901422244,248605,74787.9,32.89483972,615.4,391751.8,4869.6,0.81,33.36,100.8968964,Consumer Discretionary
Balaji Amines Ltd.,53.7,0,6.4,13316,-22.89742625,473.56,9.572178903,15343.9,1713,-24.71653336,86.5,12004.5,7.1,1.71,41.62,4.382707232,Materials
Balkrishna Industries Ltd.,58.29,0,34.32,94972.8,-4.195617964,458.41,16.77153119,88619.3,14376.1,33.27122211,71.9,85544.7,0,1.16,32.9,16.58390308,Industrials
Balrampur Chini Mills Ltd.,42.9,0,32.02,56124.9,19.33825359,162.56,14.05318179,32796.1,4326.6,56.834741,270.4,59147.3,0,1.01,20.04,-4.801444043,Consumer Staples
Bata India Ltd.,50.16,0,36.56,34784.2,0.777906866,118.26,6.005736823,15200,2599.3,-18.54788167,33,33183.1,56.8,0.89,71.3,-7.154239989,Consumer Discretionary
Bayer Cropscience Ltd.,71.43,0,16.42,58621,4.493761141,634.02,5.062389183,28494,7405,-2.334476391,2032,53341,685,0.74,33,32.98196044,Materials
Berger Paints India Ltd.,74.99,0,15.84,118022.5,5.818836824,42.93,-2.917232022,50052.4,10150.5,22.53286495,701.6,107803.7,199.3,0.79,58.92,-16.6789547,Materials
Bharat Dynamics Ltd.,74.93,0,15.35,24226.4,-3.453552784,189.58,8.195411483,36368.3,6127.2,73.98415538,397.5,24033.5,753.7,1.17,59.16,96.71242415,Industrials
Bharat Electronics Ltd.,51.14,0,40.2,199243.5,14.50078329,22,18.40688913,160823.9,40200,33.70273425,1797.9,175531.8,11884.8,1.03,43.16,126.2826718,Industrials
Bharat Forge Ltd.,45.25,0,44.71,89792.9,18.4742008,184.04,11.28310558,85688,14249.6,36.29850689,387.5,77737.2,566.4,1.46,41.36,58.63230798,Industrials
Bharat Heavy Electricals Ltd.,63.17,0,24.69,233188.9,3.219248208,71.37,0.1543643,248505.9,2598.9,-58.36964183,4266.7,297110.9,687,1.63,0,259.3112245,Industrials
Bharat Petroleum Corpn. Ltd.,52.98,0,39.03,5069113.6,-4.978032872,344.39,43.56761714,746748,266735,1326.314101,7373.7,4858634.7,585.2,1.03,4.62,69.84060403,Energy
Bharti Airtel Ltd.,53.49,0,43.71,941910,11.08359308,167.52,26.8418263,1008619,49882,-5667.1875,3384,912127,0,0.67,128.83,65.43225322,Communication Services
Bikaji Foods Intl. Ltd.,75.1,0,21.17,22947.1,18.01756858,48.95,27.37444705,12255.5,2697.3,94.84938236,4.9,20564.6,0,0,50.4,42.01759062,Consumer Staples
Biocon Ltd.,60.64,0,19.63,21086,7.488402916,90.88,-0.03299967,109123,1193,-95.81168375,266,23568,963,0.73,633.28,28.38099333,Healthcare
Birla Corporation Ltd.,62.9,0,22.39,61389.1,4.689525096,606.7,10.7642312,56015.6,1981.1,336.3656388,155.7,60250.9,0,1.31,64.64,57.34548033,Materials
Birlasoft Ltd.,40.92,0,42.12,26445.3,9.402872698,53.18,19.72084647,14682,2987.4,49.10161709,9.4,24726.7,0,1.33,66.57,138.17549,Information Technology
Blue Dart Express Ltd.,75,0,17.13,52678,1.843814223,606.29,14.1466629,14386.3,2886.4,-21.23130663,42.3,50544.6,0,0.77,52.52,6.232063356,Industrials
Blue Star Ltd.,36.49,0,40.62,89452.3,22.16137451,122.15,-7.978002109,25114.9,3675,0.250968411,198.9,85988,492.3,0.98,108.51,1.077557087,Industrials
Bombay Burmah Trdg. Corpn. Ltd.,74.05,0,10.24,2662.2,7.199806717,27.85,-5.593220339,1943.3,-58.8,-166.894198,2.1,3946.2,0,1.22,0,50.32544236,Consumer Staples
Bosch Ltd.,70.54,0,21.31,167088,12.14637126,4090.1,9.544024104,120632,24905,74.83327483,209,158595,4828,1.2,56.41,51.5397342,Industrials
Brigade Enterprises Ltd.,43.72,0,38.71,20253.6,-8.324469169,182.62,7.240589582,42203.3,3181.9,-17.34895319,302.3,31263.6,0,1.3,75.05,105.7979677,Consumer Discretionary
Britannia Industries Ltd.,50.55,0,33.87,161860.8,3.634554584,146.45,143.7989013,35275.2,20820.5,-2.676109008,115.2,143141.3,440.2,0.59,55.26,4.884101415,Consumer Staples
C C L Products (India) Ltd.,46.26,0,29.86,14561.7,7.376873899,83.45,2.923038974,11141.9,953.1,-45.64895073,51,14210.8,0,0.83,82.88,-1.776670818,Consumer Staples
C E Info Systems Ltd.,52.91,0,11.45,3178.2,24.81149859,121.31,21.62622819,6559.5,1374.3,26.37241379,0,2182.9,0,0.86,80.35,83.01766527,Information Technology
C E S C Ltd.,52.11,0,34.04,102206.9,15.22995957,74.36,-0.866551127,98880.5,7748.7,-6.679272097,349.7,95684.8,0,1.03,25.18,115.1094891,Utilities
C G Power & Indl. Solutions Ltd.,58.11,0,25.27,76150.7,15.64074101,21.25,33.56379635,32454.4,10043.6,27.88530101,478,70595.3,332.4,1.12,102.77,79.35891209,Industrials
C I E Automotive India Ltd.,65.7,0,23.27,45698.4,3.911247138,135.94,10.22460066,49399.2,5623.4,9.812728231,78.5,41492.2,0,1.12,32.61,23.08174524,Industrials
Campus Activewear Ltd.,73.88,0,13.03,14482.9,-2.422772444,21.35,17.37218252,6516.6,894.4,-23.63387978,28.4,13527.2,0,0,84.76,-30.60737831,Consumer Discretionary
Caplin Point Laboratories Ltd.,70.62,0,4.43,6250.9,18.2516411,183.05,21.91954176,13901.5,2837.1,21.10902416,20.7,4909,287.4,1,36.25,99.97788589,Healthcare
Carborundum Universal Ltd.,41.23,0,40.77,26334.3,4.912514143,120.63,14.33039522,22975.3,3503.5,5.865111501,0,23247.2,215.7,0.97,77.49,32.02450571,Materials
Castrol India Ltd.,51,0,25.88,56492.5,7.518746907,19.14,-9.332070109,21216.9,8641.3,6.008710053,119.8,48889,58.4,0.81,24.14,75.96996245,Energy
Ceat Ltd.,47.21,0,36.06,118926,5.587547477,976.79,18.09960222,39511.2,6543,217.2056043,81.2,112983.8,1249.3,1.16,15.88,64.97559723,Consumer Discretionary
Century Plyboards (India) Ltd.,72.59,0,20.79,37585.7,6.184192312,98.14,15.48599671,21804.3,3147.4,-9.64315448,13.5,35242.7,0,1.19,41.92,22.33205374,Materials
Cera Sanitaryware Ltd.,54.48,0,28.53,21919.7,3.657867607,1032.26,14.82441406,13425.4,2391.7,14.07516932,9,20305.1,15,0.55,43.29,15.21477897,Consumer Discretionary
Chalet Hotels Ltd.,67.52,31.93,28.26,13926.1,23.00469898,128.56,76.15785147,18590.4,2782.8,48.20258827,126.8,11415,0,1.06,67.76,125.1757355,Consumer Discretionary
Chambal Fertilisers & Chemicals Ltd.,60.7,25.16,22.06,179701.4,-35.30554482,177.79,7.608037768,71233.6,13314.4,24.5139389,35.5,168822.6,0,0.99,13.38,48.57342902,Materials
Chemplast Sanmar Ltd.,54.99,0,38.98,16705.7,-24.78704437,174.35,-2.597765363,38402.6,-739.7,-143.5271272,9.1,18274,39.5,1.4,0,16.47429171,Materials
Chennai Petroleum Corpn. Ltd.,67.29,0,16.61,794099.1,-12.76955813,577.05,36.80978686,85929.6,27112.5,-23.27685982,30.5,775504.3,69.7,1.4,5.56,236.7407407,Energy
Cipla Ltd.,33.47,0,50.18,165885,15.56346638,346.47,13.5036855,279739.2,40772.5,62.2159803,182.7,138262.4,11980.5,0.47,30.41,54.17653213,Healthcare
Clean Science & Technology Ltd.,74.98,0,10.92,7894.4,-15.64009404,114.41,19.30135558,12156.5,2476.9,-18.39148628,49,5822.6,32.6,1.15,56.59,-8.538781163,Materials
Coal India Ltd.,63.13,0,31.71,18105.6,-20.57902356,28.11,3.688675765,173257.3,157668.3,6.516010001,1019.7,13957.7,0,0.97,17.8,94.89489489,Energy
Cochin Shipyard Ltd.,72.86,0,7.67,36536.1,55.82951608,191.04,-43.19019864,50258.8,8131,143.0864899,135.8,31395.8,62.6,0.93,41.72,159.018673,Industrials
Coforge Ltd.,0,0,89.3,48489,14.61765749,535.78,25.16469654,33122,9918,35.39931741,1222,46169,0,0.93,31.62,21.9560282,Information Technology
Colgate-Palmolive (India) Ltd.,51,0,30.61,56830.2,8.689382406,68.91,9.190302646,18743.7,13236.6,26.40595903,6.8,44128.2,100.2,0.43,57.19,77.09547991,Consumer Staples
Computer Age Mgmt. Services Ltd.,0,0,73.68,10565.4,13.51002912,179.92,21.11746887,8841.8,3371.2,22.79449261,0.3,7492.4,0,0.8,46.91,55.37659187,Financials
Container Corpn. Of India Ltd.,54.8,0,41.63,88068.9,6.648316517,193.87,5.044429996,118123.4,12307.9,5.278509597,384.1,79386.5,0,1.19,50.66,68.05623672,Industrials
Coromandel International Ltd.,57.32,0.01,27.98,220272.4,-25.60285116,319.36,19.33784238,94032.3,17192.5,-15.50226818,0.6,208509.7,107.7,0.48,20.95,28.16064513,Materials
Craftsman Automation Ltd.,54.99,0,28.55,32081.3,7.635503514,731.71,12.7320628,15459.8,1975.9,-16.89518843,13.1,31318.9,0,0.93,47.6,42.79170296,Industrials
Crisil Ltd.,66.65,0,20.15,16888.7,11.81755585,186.89,34.25041305,14898.2,6682.6,80.36220345,384,14907.2,0,0.8,50.49,21.03661925,Financials
Crompton Greaves Consumer Electricals Ltd.,0,0,83.64,63883.8,9.967965214,49.84,11.67376204,32054.8,4664.5,-1.915636302,7.3,60836.4,381.4,0.72,43.97,24.91173009,Consumer Discretionary
Cummins India Ltd.,51,0,40.36,92471.8,15.44890234,221.24,14.66777236,61630.9,16606.2,46.98093502,316.6,79854.5,32.1,0.99,55.25,107.8792879,Industrials
Cyient Ltd.,23.16,0,57.85,24614,10.48072176,264.57,8.23514973,29343,4973,40.16347238,66,20404,74,1,40.47,53.09970761,Information Technology
D L F Ltd.,74.08,0,21.3,32399.6,-18.46018719,117.42,0.910965968,290648.1,12512,-45.85471824,98.2,28263.3,0,1.65,179.81,109.2562177,Consumer Discretionary
Dabur India Ltd.,66.25,0,28.35,91514.3,5.184377216,39.02,9.977452086,69153.7,15092.1,9.899800475,259.1,80067.8,442.3,0.61,59.95,-4.719459561,Consumer Staples
Dalmia Bharat Ltd.,55.84,0,24.12,1300,-1.515151515,415.87,-0.659293409,78000,1120,-42.56410256,0,1340,0,1.31,307.8,-7.917543332,Materials
Data Patterns (India) Ltd.,42.41,0,26.15,5198,14.63226376,236.53,13.45997026,13242.1,1816.9,46.53601097,1.1,3998.4,0,1.35,91.51,78.59526745,Industrials
Deepak Fertilisers & Petrochemicals Corpn. Ltd.,45.63,0,15.92,20554.3,-14.77009326,251.55,6.031866464,31755.8,3133.7,7.561611862,1346,20460.5,0,1.18,29.38,0.942530653,Materials
Deepak Nitrite Ltd.,49.13,0,25.99,27316.1,-10.01920435,216.62,12.55325782,29545.4,4334.3,-7.661006839,45.6,24740.8,203.3,1.21,96.56,28.72312255,Materials
Delhivery Ltd.,0,0,83.26,74636.3,11.95892836,130.54,-0.578827113,96194.9,-1679.7,-79.32167918,35.6,80974,0,0,0,19.92521368,Industrials
Devyani International Ltd.,62.74,0,24.63,31189.5,12.42335877,9.03,0.333333333,10886,-63.4,-102.4367745,0.4,31715.7,0,1.26,483.34,3.066914498,Consumer Discretionary
Divi'S Laboratories Ltd.,51.92,0,36.89,77110,0.442881334,507.94,6.132597839,134840,15760,-12.83185841,30,66020,700,0.75,67.38,22.47620796,Healthcare
Dixon Technologies (India) Ltd.,33.44,0,44.85,64188.4,-8.373231013,233.08,19.01552288,13943,1856.6,-12.07198674,0,62616,121,1.2,268.32,186.1369327,Industrials
Dr. Lal Pathlabs Ltd.,54.6,0,36.16,19687.7,11.29093345,229.29,12.35299882,18996.7,3843.7,31.47147353,1.1,16425,36.7,0.76,51.71,21.38398567,Healthcare
Dr. Reddy'S Laboratories Ltd.,26.65,0,47.62,194838,14.86396463,1453.13,18.19157849,242408,43420,66.18187385,1257,162429,20044,0.51,24.12,25.85169934,Healthcare
E I D-Parry (India) Ltd.,42.23,0.01,20.72,28362.5,-2.841864751,164.46,3.851982824,29194,1070.9,-45.58987908,83.9,30219.6,63.8,1.03,132.46,23.06008754,Consumer Staples
E I H Ltd.,32.85,0,19.02,22441,23.75096504,57.06,14.44043321,35685.8,5209,62.69481838,121.4,17958.9,0,1.56,50.92,153.4304636,Consumer Discretionary
Easy Trip Planners Ltd.,64.3,0,5.25,7489.1,12.80973685,3.6,61.43497758,6379.1,1192,-18.81215093,0.1,6659.4,0,1.98,86,-3.020833333,Consumer Discretionary
Eclerx Services Ltd.,53.61,0,36.62,20948.3,10.94557665,308.65,30.46326824,15123.7,3565,-5.921781812,92.5,17834.3,255,1.15,34.01,81.75212099,Information Technology
Eicher Motors Ltd.,49.15,0,40.09,161527.4,13.61583121,573.16,21.63320742,156935.8,37494.2,42.9663043,1190.4,137939.3,1489.8,1.08,33.79,39.26872861,Consumer Discretionary
Elecon Engineering Co. Ltd.,59.27,0,9.88,16032.5,33.60973374,120.1,24.84407484,13475.1,3031.6,61.12676056,3.8,13284.5,37.5,1.5,43.92,161.2806634,Industrials
Elgi Equipments Ltd.,31.19,0.67,34.68,18456.6,4.954706488,46.36,20.22821577,14693.1,3222,18.2472108,10.5,15971.3,372.4,1.21,64.95,40.07962126,Industrials
Emami Ltd.,54.84,13.09,35.53,29273.2,0.514017889,54.59,7.502953919,23829.9,6933.9,20.90496949,35.2,22955.4,247.1,0.86,31.51,29.85731431,Consumer Staples
Endurance Technologies Ltd.,75,0,23.23,79020.7,16.13927771,270.53,14.24408784,38053.2,5877.9,43.74205224,47.2,73819.3,640.6,0.99,48.99,47.17325002,Industrials
Engineers India Ltd.,51.32,0,20.6,32547.5,-1.380476379,41.12,9.770421783,23112.9,3569.9,4.337278971,78.1,31278.7,210.8,1.09,43.02,195.410628,Industrials
Eris Lifesciences Ltd.,54.9,18.51,29.9,15108.8,14.64821223,185.6,13.59324316,25240.2,2997.1,-24.69787191,141.7,12765.7,0,0.46,42.85,41.93267327,Healthcare
Escorts Kubota Ltd.,67.64,0,17.47,87839.7,5.152162306,833.84,30.43219822,92137.6,10371.5,70.87053939,47.2,82145.2,1543.7,0.9,36.28,69.52527572,Industrials
Exide Industries Ltd.,45.99,0,32.13,168303.2,9.549359087,154.56,17.19745223,131372.4,10529.6,16.52556909,62.9,160683.6,266.3,1,38.39,141.2050038,Industrials
F S N E-Commerce Ventures Ltd.,52.22,0,27.48,3265.6,-1.102362205,5.7,11.76470588,16274.5,1170.9,105.1331465,1.7,3225.1,0,1.39,433.37,44.1680261,Consumer Discretionary
"Fertilisers & Chemicals, Travancore Ltd.",90,0,9.12,50591.8,-18.45713954,21.26,8.028455285,13757.5,1461.7,-76.14836088,59.7,51762.3,5.8,1.42,233.06,108.4523463,Materials
Fine Organic Inds. Ltd.,75,0,15.23,19516.8,-35.57429812,607.07,22.27974056,18612.9,3675.5,-37.76667795,0.1,16026.5,68.8,0.7,36.6,-0.783121638,Materials
Finolex Cables Ltd.,35.92,0,27.45,50143.9,11.90062284,275,13.37401055,42058.8,5716,13.92354606,35.1,46058.5,0,1.3,28.41,17.69471449,Industrials
Finolex Industries Ltd.,52.47,0,17.71,43021.2,-1.835456902,81,4.15327247,55378.4,4553,92.44262226,253.2,40835.1,0,1.21,36.45,59.07462687,Industrials
Firstsource Solutions Ltd.,53.66,0,30.21,16011.5,16.38802064,34.59,4.627949183,24107.6,3197,28.73479907,0,13201.2,0,1.33,45.92,81.0359589,Information Technology
Fortis Healthcare Ltd.,31.17,0,54.39,11788,12.56362022,120.37,1.381285269,90871.6,1994.5,107.2423109,25.4,12186.2,0,0.61,325.42,68.15567485,Healthcare
G A I L (India) Ltd.,51.9,0,41.36,1306381.1,-9.468709323,97.61,15.32372401,641794,88364.8,66.67855007,3643.7,1242036.5,203.6,1.1,15.46,94.87418453,Utilities
G E Vernova T & D India Ltd.,75,0,17.04,31679.1,14.23219218,48.54,15.87491048,12429.4,1810.5,-12251.00671,0.5,29429.1,0,1.81,155.43,548.8081725,Industrials
G M R Airports Ltd.,59.07,58.23,32.85,5564.6,90.92156728,87.07,58.02177858,536383.7,-5418.7,-54.17822352,23.9,13813.1,0,1.15,0,86.5279299,Industrials
G R Infraprojects Ltd.,74.74,0,21.37,77945.1,-4.411101028,744.21,37.9750825,71957.2,19774.3,132.1553941,105.3,74202.3,0,1.12,22.79,39.56083147,Industrials
Garden Reach Shipbuilders & Engineers Ltd.,74.5,0,9.4,35933.9,40.29719631,146.08,18.3600713,16734.3,3572.7,56.61493951,7.9,35410.6,0,0.96,32.5,113.8486486,Industrials
Gillette India Ltd.,75,0,13.53,32061.5,7.279687077,259.22,-5.494184987,9712.7,4117,15.75011246,36.2,28718.3,0,0.52,56.26,51.10360769,Consumer Staples
Gland Pharma Ltd.,57.86,0,28.82,41674.3,15.76194444,546.13,13.09615026,89952.9,10433.3,34.47920292,21.4,32068.7,1629.4,0.61,27.16,25.93464822,Healthcare
Glaxosmithkline Pharmaceuticals Ltd.,75,0,11.38,33973.9,5.924810436,105.31,1.768457673,17841,5846.9,-3.794323324,142.8,30353.7,25.4,0.5,48.6,68.0288268,Healthcare
Glenmark Pharmaceuticals Ltd.,46.64,0,34.78,78911.2,-4.008797336,814.02,28.48146219,229706.3,51672.9,327.4833095,7596.5,90652.7,203,0.94,306.89,87.62978081,Healthcare
Global Health Ltd.,33.04,0,22.34,23134.6,15.42829202,106.1,14.33189655,28488,3608.9,37.09021842,136.6,20587.7,9.9,0,110.36,180.1046613,Healthcare
Godawari Power & Ispat Ltd.,63.26,0,7.62,50431.3,-4.62508203,317.9,22.96920935,43195,9174.4,14.935732,5.3,42355.7,0,1.7,13.48,149.2857143,Materials
Godfrey Phillips India Ltd.,72.58,0,12.76,53136.9,23.91105121,738.77,20.47192734,38411.9,8808.4,44.78450968,49.2,48246.6,114,0.82,19.96,88.94537649,Consumer Staples
Godrej Agrovet Ltd.,74.05,0,14.52,70969.7,3.057017767,117.54,8.481772035,22591.7,3571.2,17.61296272,130.7,68266.9,163.5,0.84,29.26,24.24934353,Consumer Staples
Godrej Consumer Products Ltd.,63.21,0.66,31.51,88260.9,11.74415837,93.39,1.754194814,95525.8,6470.3,-57.25507036,976.9,88111.9,252.9,0.74,69.32,34.38016529,Consumer Staples
Godrej Industries Ltd.,67.16,5.62,12.79,28180.3,-36.09909297,45.03,-11.68856639,15161.1,-2025.2,-187.079159,158.9,32930.2,50.8,0.96,0,113.3718347,Materials
Godrej Properties Ltd.,58.48,0,35.22,12645.1,19.17646837,378.08,5.694557043,105122.8,5643.5,-13.92773804,47.6,51859.2,0,1.4,146.36,101.3001331,Consumer Discretionary
Granules India Ltd.,41.96,4.03,30.27,37712,-4.247566961,128.36,15.09011028,31109.5,4359.2,-12.6045029,28.5,33612.7,1328.4,0.93,23.41,40.93557516,Healthcare
Graphite India Ltd.,65.34,0,16.73,28943.8,-0.655573404,273.64,15.17319753,53463.6,8717.7,149.0700266,86.3,27796.3,1.4,1.73,0,127.9191238,Materials
Grasim Industries Ltd.,43.06,0,29.7,269218.8,-2.287056371,765.82,7.388554681,521145.9,9453.9,-55.48445424,720.8,273724.4,925.3,1.2,172.99,40.18775795,Materials
Great Eastern Shipping Co. Ltd.,30.07,0,44.01,41647.9,-13.85842699,724.45,21.46641628,103464.1,23163.4,-1.516575185,6.1,25250.9,0,0.78,7.5,60.86924439,Energy
Grindwell Norton Ltd.,58.03,0,24.21,27141,5.461737529,184.94,13.69728268,20510.4,3807.2,4.04744336,147,24155.1,36.9,0.74,61.83,11.90538834,Materials
Gujarat Ambuja Exports Ltd.,63.84,0,6.58,49355.3,0.406465197,60.37,-43.11693206,27690.9,3459.2,4.767096735,26.3,47031.2,0,1.13,22.53,-42.05735875,Consumer Staples
Gujarat Fluorochemicals Ltd.,63.81,4.99,13.28,40376.1,-28.35654843,539.16,7.146263911,59227.1,4187.5,-69.10984723,25.4,38624.6,0,1.34,98.69,7.159227005,Materials
Gujarat Gas Ltd.,60.89,0,25.78,162939.5,-5.852867931,111.66,9.93403564,76892.6,11427.7,-25.08735013,246.2,153198,0,0.74,34.68,16.85729556,Utilities
Gujarat Mineral Devp. Corpn. Ltd.,74,0,2.56,24689.3,-29.598337,190.99,5.694521306,60733.8,6135.9,-48.91815616,292.5,21288.6,0,1.47,22.46,168.3487704,Materials
Gujarat Narmada Valley Fertilizers & Chemicals Ltd.,41.3,0,28.7,61186.4,-19.64309401,555.63,-3.551528407,81977.4,4847.9,-66.88547658,23008.5,83404.3,35.4,1.24,20.83,21.0960068,Materials
Gujarat Pipavav Port Ltd.,44.01,0,35.69,9937.4,7.794940773,43.29,0.697836706,20927.1,3538,21.25574063,48.8,7141.8,0,0.83,28.75,85.29411765,Industrials
Gujarat State Fertilizers & Chemicals Ltd.,37.84,0,24.32,89433.1,-20.92990564,316.48,5.41251707,126109.1,5243.2,-59.45185139,65.7,86540.6,127.4,1.39,21.38,55.20603964,Materials
Gujarat State Petronet Ltd.,37.63,0,42.41,20323.2,15.33249345,182.03,10.75079095,102700.6,12846.4,35.94793375,146.4,10827.4,0,0.85,13,3.877873311,Utilities
H B L Engineering Ltd.,59.11,0,5.25,22085.9,63.62956103,43.48,26.10208817,12053.5,2637.9,176.1042495,37.8,20244.2,121.9,0.98,53.69,355.7187361,Industrials
H C L Technologies Ltd.,60.81,0,34.84,481180,3.980465036,144.2,9.316958532,394700,116740,1.876254472,370,375110,5440,0.86,31.78,28.42777934,Information Technology
H E G Ltd.,55.78,0,17.23,23963.6,-2.928714363,1073.98,1.66414237,41450.8,2315.4,-49.16906325,286.2,22477.4,0,1.84,52.34,111.8675996,Materials
H F C L Ltd.,37.68,44.49,13.39,40745.9,-7.30467186,26.56,23.42007435,38216.9,3096.6,21.62608013,89.9,39666.4,97.7,1.41,50.22,55.09259259,Communication Services
Happiest Minds Technologies Ltd.,50.24,7.17,9.19,14824.6,10.86051016,96.82,72.00213182,14737,2457.3,13.56410019,9.7,13498.2,184.3,1.12,50.5,-1.002734731,Information Technology
Havells India Ltd.,59.43,0,34.71,186580,9.899495386,118.7,12.42659595,74384.5,12732.1,18.44364854,201.3,173910.2,1801.8,1.09,82.58,35.26255893,Consumer Discretionary
Hero Motocorp Ltd.,34.76,0,56.69,374115.7,11.64886607,899.66,7.625131592,179861.8,39679.6,36.32884167,441.5,342012,6331.3,0.98,22.89,77.55999375,Consumer Discretionary
Himadri Speciality Chemical Ltd.,50.29,0,7.25,41851.1,0.296447898,60.54,24.05737705,29812.1,4110,97.77681536,28.9,38628.3,320.6,1.38,45.08,262.1438918,Materials
Hindalco Industries Ltd.,34.64,0,53.27,830180,7.97684854,283.51,8.920819086,637070,36970,11.15453999,1340,809440,300,1.63,45.75,47.76427425,Materials
Hindustan Aeronautics Ltd.,71.64,0,22,283140.8,7.171588746,434.32,-38.21554569,290464.2,75950.4,30.69726062,1891.2,266432.3,28262.4,0.94,47.73,34.90000685,Industrials
Hindustan Copper Ltd.,66.14,0,15.41,17066.6,2.252765029,23.63,9.753831863,22850.8,2954.1,0.033862721,320,15909.4,0,1.6,129.93,280.6706114,Materials
Hindustan Petroleum Corpn. Ltd.,54.9,0,35.99,4650761.7,-0.932384581,289.23,48.0497543,410297.7,146938.3,-263.7372507,5367,4557476.3,2564,1,4.88,97.17412935,Energy
Hindustan Unilever Ltd.,61.9,0,25.91,604690,2.240294874,216.94,1.497146065,509730,101140,1.525798033,0,514910,0,0.47,51.64,-9.231677044,Consumer Staples
Hindustan Zinc Ltd.,64.92,99.37,33.12,289340,-15.14458326,36.05,17.69507019,152330,77870,-25.97908745,1790,224060,110,0.83,23.11,35.81994592,Materials
Hitachi Energy India Ltd.,75,0,13.19,52374.9,17.20886828,320.86,11.89537925,13598.7,1637.8,74.41959531,1.4,50600.9,0,0.33,254.83,189.5194197,Industrials
Honeywell Automation India Ltd.,75,0,14.97,40551,18.14526702,4078.75,13.10005768,36062,5014,14.47488584,85,36980,0,0.85,80.58,26.81006535,Industrials
I R B Infrastructure Developers Ltd.,34.39,48.85,55.01,48260.3,15.99806751,15.67,5.878378378,94842.7,7623.9,104.7949069,0,50884.7,0,1.67,53.88,148.1751825,Industrials
I T C Ltd.,0,0,84.76,701052.9,-0.20781116,57.86,6.379849237,722333,204219.7,8.897949215,2374.9,541948.1,1703.7,0.56,27.35,2.373399131,Consumer Staples
I T I Ltd.,90,0,8.04,12958.7,-8.956975045,18.21,-22.54359847,17494.6,-5690.6,58.02832547,57.5,18519.5,153.3,1.37,0,222.6484498,Information Technology
India Cements Ltd.,28.42,46.16,21.74,46648.1,-7.965954895,160.44,-3.726372637,53990,-2025.2,7.409175285,278.3,50283.1,4.4,0.93,0,20.93775263,Materials
Indiamart Intermesh Ltd.,49.21,0,33.72,11390,21.32251124,295.16,-56.22979506,17703.4,3621.9,33.06513832,10.9,9557.3,0,0.89,43.88,-50.73462961,Information Technology
Indian Hotels Co. Ltd.,38.12,0,45.25,44056,18.93397836,71.26,14.51068616,101439.4,10949.3,29.88031268,191.8,35060.7,0,1.36,72.67,70.08257151,Consumer Discretionary
Indian Oil Corpn. Ltd.,51.5,0,38.3,8656459.2,-7.368909911,124.55,31.21576064,1767149.8,396188.4,380.7049899,4869.3,8296617.1,3401.4,0.98,6.08,107.4324324,Energy
Indian Railway Catering & Tourism Corpn. Ltd.,62.4,0,20.81,42725.4,20.56312115,40.37,30.30987734,32299.8,11112.6,10.47639878,417.3,33321.8,0,1.17,70.85,68.13693752,Consumer Discretionary
Indraprastha Gas Ltd.,45,0,46.04,154565.3,-0.854853815,122.17,20.67364678,85517.4,17480.8,20.9727201,321.9,140753.6,0,0.8,18.86,-5.269533616,Utilities
Indus Towers Ltd.,69,30.5,26.33,286006,0.770916573,100.46,28.10507524,270740,60410,195.6491949,818,241300,0,0.97,16.01,128.9032258,Communication Services
Info Edge (India) Ltd.,37.88,0,51.17,23809.6,10.30009914,1969.07,132.800123,254763.3,8330.8,102.6022034,33.5,18080.7,0,1.21,94.15,60.3132779,Information Technology
Infosys Ltd.,14.71,0,70.22,1289330,3.966487655,195.56,19.76238594,811760,272340,17.04486849,2620,1100290,6950,0.69,24.18,13.39453203,Information Technology
Inox Wind Ltd.,52.87,1.8,19.62,15344,163.0460125,64.14,-9.941027801,20907.4,-2303,-26.93991498,0.4,19063.7,0,1.49,0,490.4045155,Industrials
Intellect Design Arena Ltd.,30.35,0,31.64,16789.4,14.20505949,128.42,12.83718478,17574.3,1656,23.59131278,50.1,15696.6,1703.8,1.68,83.04,142.1507064,Information Technology
Interglobe Aviation Ltd.,57.29,0,38.76,684930.1,26.6362191,50.05,-130.5854314,19319.5,81674.9,-2678.773049,5651.5,630611.4,0,1.23,18.87,97.05089191,Industrials
Ipca Laboratories Ltd.,46.3,0,44.88,61924.5,6.052172781,250.24,8.020374687,63487.1,5304.1,4.886296223,60.9,58540,1498.9,0.43,51.4,88.62212209,Healthcare
Ircon International Ltd.,65.17,0,6.16,119504,20.45317099,61.37,11.46022521,57717.6,8629,11.07964419,55.9,118458.5,0,0.88,30.39,237.2139973,Industrials
J B Chemicals & Pharmaceuticals Ltd.,53.78,0,29.45,32956.8,14.52638602,185.98,-41.08031047,28862.3,5433.6,39.72074366,12.6,28415,356.7,0.56,54.39,-10.54534357,Healthcare
J B M Auto Ltd.,67.53,0,3.39,42478.5,13.2439897,88.36,4.456791583,10448.2,608.3,-49.99177902,32.9,44100.8,0,1.41,379.51,137.2765215,Industrials
J K Cement Ltd.,45.7,0,39.31,123935.4,17.578629,692.52,15.42577129,53533.9,8306.4,65.24230127,2782.2,121770.1,0,1.15,36.64,33.61507366,Materials
J K Lakshmi Cement Ltd.,46.34,0,37.13,63232.8,3.938918248,261.87,13.13345142,30814.5,4243.2,28.28249237,53.1,60188.1,67.5,1.17,22.02,1.77715272,Materials
J K Tyre & Inds. Ltd.,53.13,0,20.47,103162.2,7.228854299,140.74,30.1461069,38960.3,5907.6,221.4670512,48.8,97332.4,1264.1,1.29,17.9,136.2821948,Consumer Discretionary
J S W Energy Ltd.,69.32,10.8,22.85,50712.5,-11.36130852,114.99,39.07837446,151120.5,9502.2,33.64181036,237.2,43920.4,0,1.05,116.21,141.4844649,Energy
J S W Steel Ltd.,44.81,15.24,36.76,1338280,2.717057595,306.48,17.02176403,752830,80410,62.87218959,13230,1322080,560,1.41,23.04,21.63242796,Materials
Jaiprakash Power Ventures Ltd.,24,79.2,24.53,67581.2,16.93584389,11.18,9.823182711,114680.2,6861,1062.487292,94.4,62206.3,0,1.55,9.17,241.025641,Utilities
Jindal Saw Ltd.,63.27,0,18.14,179239.1,17.48645628,318.72,25.81714827,101913.2,16141.1,125.8001791,275.7,172064,0,1.55,11.16,239.3457658,Materials
Jindal Stainless Ltd.,60.49,0,27.46,383560,9.493624814,166.06,20.39440296,136999.9,25306.9,25.65491559,253.4,358672.2,69.6,1.41,23.45,150.7804186,Materials
Jindal Steel & Power Ltd.,61.2,13.11,28.39,575414,-2.380043533,445.99,12.17052314,454936,52733,117.2916933,0,607861.5,74.7,1.97,0,59.50072918,Materials
Jubilant Foodworks Ltd.,41.94,4.98,49.65,53408.5,4.804954484,33.52,3.106736389,22116.8,2339.1,-34.33367957,65.3,51409.9,0,0.9,117.94,3.751819913,Consumer Discretionary
Jubilant Ingrevia Ltd.,51.47,3.45,21,39872.4,-12.55228015,141.07,4.095336482,22470.6,1624.5,-35.89440038,342.2,37934.3,295.1,1.49,52.15,31.2136671,Materials
Jubilant Pharmova Ltd.,50.68,0,23.41,7846,-3.135802469,149.08,-1.655782044,23745,316,-36.67334669,696,8175,148,1.45,319.61,116.2630313,Healthcare
Jupiter Wagons Ltd.,70.12,0,4.2,36421.6,76.09948555,39.34,88.50023958,16219.8,3328,165.4330834,3,33440.7,0,1.46,50.63,288.4450785,Industrials
Just Dial Ltd.,74.3,14.07,13.48,12306.3,23.45063499,468.47,8.809866679,40235,3628.5,122.7166708,0.7,11798.2,0,1.22,27.09,70.84444444,Information Technology
Jyothy Labs Ltd.,62.89,0,29.73,27643.4,10.85828407,31.08,29.5,11412.3,3698.9,54.42969272,22.3,24314.7,0,0.83,44.44,123.029525,Consumer Staples
K E C International Ltd.,51.88,0,38.3,173836.5,12.7818305,158.53,2.821377611,40755.1,1475.3,-18.15256588,11,173815.7,353.9,1,210.83,63.15502778,Industrials
K N R Constructions Ltd.,51.09,0,37.6,40909.8,9.273757342,114.7,17.97983954,32256.6,4938.3,-1.002345488,137.9,37393.1,0,0.98,15.16,10.61615321,Industrials
K P I T Technologies Ltd.,39.47,0,39.05,20166.1,32.98404806,58.54,15.66884015,16020.5,3268.3,16.65833809,21.2,17583.9,0,1.25,142.54,62.97993019,Information Technology
K P R Mill Ltd.,73.76,0,19.42,40668.6,-14.7762564,98.71,13.48585882,33740.7,5549.2,-12.61652809,76.6,36045.4,0,1,52.66,40.91854564,Consumer Discretionary
K S B Ltd.,66.69,0,15.24,23031.7,24.28808099,370.88,19.43836146,12478.6,2046.1,14.13510348,136.6,21212.9,0,0.9,75.51,100.4843261,Industrials
Kajaria Ceramics Ltd.,47.49,0,44.09,42812.8,3.583698671,161.41,10.78242965,25705.2,3814.5,10.76105578,76.1,39649.3,96.3,0.98,51.36,10.01552795,Consumer Discretionary
Kalpataru Projects Intl. Ltd.,40.59,31.51,51.81,167629.9,16.85858451,353.56,8.059537272,57500.4,5330,0.197386972,28.1,163249.3,194.8,1.11,34.97,126.9932401,Industrials
Kalyan Jewellers India Ltd.,60.63,0,32.11,157630.5,36.41721398,40.45,13.62359551,41669.5,5540.6,42.13591237,419.8,163249.8,0,1,77.88,303.2132425,Consumer Discretionary
Kansai Nerolac Paints Ltd.,74.99,0,16.32,82297.6,4.056948501,69.93,-18.20095918,56531.2,11828.7,143.1737352,46.2,78030,415.2,0.9,42.25,-26.41062738,Materials
Kaynes Technology India Ltd.,57.83,0,32.56,12739.4,17.23877713,379.98,130.5284232,24287.8,1261,33.07302659,0.5,12335.1,76.7,0,135.06,169.8364474,Information Technology
Kei Industries Ltd.,37.08,0,47.32,81207.3,17.48163429,348.87,21.53631771,31482.7,5810.5,21.7164523,18,76617.1,0,1.23,62.64,110.8440411,Industrials
Kfin Technologies Ltd.,38.97,0,37.71,7839.1,17.02943987,66.73,29.64833884,11416.5,2454.2,25.05477707,272.1,5990.4,0,0,54.58,138.7995542,Financials
Kirloskar Brothers Ltd.,65.95,0,13.88,27201.3,7.094683712,182.88,16.01852439,14522.2,2434.1,59.51897241,19.9,25618.3,284.8,1.33,43.75,208.8096918,Industrials
Kirloskar Oil Engines Ltd.,41.21,0,34.93,48469,17.92657113,180.85,12.25946617,26226.9,3616.3,33.81313599,26,45065.8,1017.6,1.2,41.55,159.5785197,Industrials
Krishna Institute Of Medical Sciences Ltd.,38.82,16.1,49.86,12221.3,7.946756642,233.22,14.44133667,18664.5,2353.4,-6.792348212,23.2,10049.2,0,0.53,69.65,34.6099103,Healthcare
L & T Technology Services Ltd.,73.74,0,17.61,86789,9.720606827,477.6,19.98794091,50511,12585,9.131113424,92,76339,0,1.06,39.72,22.90974108,Information Technology
Larsen & Toubro Ltd.,0,0,62.68,1264386.6,14.29109393,468.59,-7.924624695,644160.4,93043.3,18.54205074,9644.8,1237181.3,1631.5,1.11,61.27,52.01742514,Industrials
Latent View Analytics Ltd.,65.42,0,6.85,2918.2,8.205717676,53.52,11.47677567,11019.2,1132.7,-3.386216308,0,2474.6,0,1.16,90.57,38.24916759,Information Technology
Laurus Labs Ltd.,27.19,0,37.74,48123.9,-16.64619941,78.06,3.651573496,42070.5,2237,-70.58049922,54.1,47385.9,2190,0.9,116.91,46.29388817,Healthcare
Lemon Tree Hotels Ltd.,22.88,0,42.5,3582.1,15.17265771,14.6,9.118086697,11566.1,969.3,23.11698209,0,2756.8,0,1.28,140.7,73.53776263,Consumer Discretionary
Linde India Ltd.,75,0,9.77,27704.5,-11.70021195,402.72,10.29496344,34345.4,4263.4,-20.42480915,24.7,24287.3,0,0.94,170.63,107.2004919,Materials
Ltimindtree Ltd.,68.6,0,21.44,342534,7.12389173,650.33,20.61911121,192985,44859,5.595310955,243,306314,746,0.87,32.26,6.492889387,Information Technology
Lupin Ltd.,47.01,0,46.05,147197.9,30.16272341,452.07,11.72429133,206030.9,23260.9,447.0449895,741.3,125708.3,11047.2,0.59,30.65,131.9802678,Healthcare
M M T C Ltd.,89.93,0,2.85,62.9,-97.69816292,9.03,7.117437722,13543.6,682.1,-93.66119305,48.2,1922,0,1.48,0,162.300885,Financials
M R F Ltd.,27.78,0.09,30.31,246708.1,9.322264097,38764.67,13.31448494,164406.5,20409.5,150.0459429,547.8,231276,1203.2,0.75,27.5,49.44863763,Consumer Discretionary
Macrotech Developers Ltd.,72.16,0,27.11,94595,2.538670829,166.42,-33.94458998,169936,11638,155.2192982,60,128298,0,1.83,89.23,33.34051028,Consumer Discretionary
Mahanagar Gas Ltd.,32.5,0,57.95,68621.1,-0.85260767,520.65,24.39671238,51428.7,12890.7,63.16309094,337.7,57481.7,0,1.04,11.06,43.1120805,Utilities
Maharashtra Seamless Ltd.,68,0,15.79,54035,-5.32831548,416.94,19.93096505,56138.6,9749.3,22.94199243,252.6,45331.2,13.8,1.1,12.43,108.638985,Materials
Mahindra & Mahindra Ltd.,18.59,0.06,71.7,978715.2,16.29296532,420.56,20.56993779,522765.6,107178,63.6645166,11564,940403,8806.9,1.28,25.17,75.75597033,Consumer Discretionary
Mahindra Lifespace Developers Ltd.,51.17,0,31.36,186.9,-96.03941513,99.52,-4.555480963,15427.7,-388.2,-125.6661157,109.2,15459.3,0,1.15,0,71.25772642,Consumer Discretionary
Mangalore Refinery & Petrochemicals Ltd.,88.58,0,4.18,1052221.3,-15.64611109,75.57,34.75392297,132515,35959.4,36.29296654,701.8,1029545,17.5,1.11,12.04,289.3385214,Energy
Marico Ltd.,59.35,0.13,35.53,81430,-3.312752315,27.8,-2.250351617,35970,10780,-8.566581849,800,72010,440.2,0.47,63.06,4.351329573,Consumer Staples
Maruti Suzuki India Ltd.,58.19,0,38.57,1430246,20.08480055,2671.16,33.63283439,839820,132094,64.10823436,31786,1372915,9364,1.12,30.24,49.22201978,Consumer Discretionary
Mastek Ltd.,36.26,0,21.46,3727.4,18.05656732,271.86,11.74318714,8385.2,1130.2,-14.46950204,13,3697.6,0,1.65,111.52,56.52729756,Information Technology
Max Healthcare Institute Ltd.,23.75,0,72.29,24382.4,22.44647888,79.03,8.976833977,76807.6,6872.6,-1.015396581,141.7,20326.4,5.1,0.76,121.11,82.65405934,Healthcare
Mazagon Dock Shipbuilders Ltd.,84.83,0,3.05,91120.4,19.71867811,276.2,33.3462077,55706.8,18454.3,72.03277649,283.2,87962.2,897.5,1.47,33.51,211.4079279,Industrials
Metro Brands Ltd.,74.16,0,8.7,27121.6,11.52982589,67.49,21.16696589,18351.1,4178.1,18.02875787,33.2,24375.8,0,0.59,70.26,24.03235124,Consumer Discretionary
Metropolis Healthcare Ltd.,49.67,1.18,43.76,11231.2,4.088006599,201.29,10.12692855,10311.9,1158.9,-16.5958978,30.3,10192.9,0,0.8,82.16,45.24570515,Healthcare
Minda Corporation Ltd.,64.84,0,27.27,38440,10.29812631,72.51,25.66724437,17382,1885,-21.65419784,19,36493,832,1.58,51.02,44.23824673,Industrials
Motherson Sumi Wiring India Ltd.,61.73,0,27.16,83013,17.63880622,3.79,25.91362126,16768,6383,31.06776181,0,77027,332,1.06,47.86,28.46511628,Industrials
Mphasis Ltd.,55.45,0,39.48,91543.9,-3.397816466,302.7,13.88261851,57210,14461.4,2.282388055,92.6,78588.6,0,0.73,30.75,27.57860509,Information Technology
Multi Commodity Exchange Of India Ltd.,0,0,80.28,290.8,19.67078189,303.97,-2.850842149,15501.9,519.6,-59.97843334,83.5,6192.8,0,0.94,428.01,193.6258396,Financials
N B C C (India) Ltd.,61.75,0,14.26,79795.7,19.74863437,11.88,11.65413534,21389.9,3443.6,48.98974603,0,80470.5,96.2,1.8,237.33,255.5979644,Industrials
N C C Ltd.,22,0,37.97,183233.3,37.13404512,108.51,7.766411759,68126.9,6314.8,10.93972348,80.6,178203.6,0,1.88,22.73,102.1702838,Industrials
N H P C Ltd.,67.4,0,19.39,82922.1,-2.145036925,37.03,5.22875817,372686.1,37439.4,-2.343633845,1024.1,68885.7,193.5,0.68,26.78,117.4011299,Utilities
N L C India Ltd.,72.2,0,20.08,115984.9,7.333001421,115.34,9.254523065,159939.1,18465.8,47.93469205,1995.9,106059.8,0,0.97,19.03,197.5445058,Utilities
N M D C Ltd.,60.79,0,26.71,212938.1,20.52954455,86.69,13.7664042,254057.8,56318.9,1.867732151,3214.7,170806.3,233.6,1.31,12.13,134.4700461,Materials
N T P C Ltd.,51.1,0,45.52,1573182.3,0.527417034,154.44,7.916986933,1498850.2,183013.1,5.425086149,5028.4,1517778.2,994.4,0.9,26.99,111.1627907,Utilities
Narayana Hrudayalaya Ltd.,63.85,0,21.05,34158.5,10.07260084,90.05,25.29567274,18402.1,4245.2,59.81026954,187.8,31169.2,0,0.7,62.67,68.94401785,Healthcare
Natco Pharma Ltd.,49.71,0,25.84,35721,51.84917531,312.23,21.78407052,55923,13066,105.0855439,20,23498,1151,0.64,13.97,77.08496391,Healthcare
National Aluminium Co. Ltd.,51.28,0,27.8,136123.9,-4.507024271,79.34,10.07214206,145716.6,20599.5,33.3741235,276,119626.9,177.6,1.25,16.25,123.4620024,Materials
Navin Fluorine Intl. Ltd.,28.81,3.15,44.18,14289.6,-12.73793167,464.32,7.506367215,23017.9,2351.7,-24.74319178,80.7,13141.2,449.4,0.86,121.16,-29.5029071,Materials
Nestle India Ltd.,62.76,0,21.09,251719.2,44.47208291,34.65,-84.89932886,33408.9,39328.4,64.51818014,0,214445,402.2,0.49,76.48,-88.47776338,Consumer Staples
Network18 Media & Invst. Ltd.,75,0,3.58,21148.6,893.3583842,11.45,22.19850587,14464.7,-1854.1,-0.600439608,43.9,23190.4,0,1.46,0,53.14384152,Communication Services
Newgen Software Technologies Ltd.,55.01,0,26.48,11361.2,27.97026357,81.84,-37.94358508,11475.7,2373.4,41.32428248,6.6,9442.8,0,1.11,55.23,85.01443792,Information Technology
Nuvoco Vistas Corporation Ltd.,72.02,0,22.03,98361.1,2.75404075,255.76,1.67766558,91347.6,1530.3,69.71276478,300.9,98223.1,0,0.97,109.29,2.637162777,Materials
Oberoi Realty Ltd.,67.7,0,29.8,33021.6,1.916631173,357.85,10.02305919,130113.6,14772.8,-36.66809569,35,30761,0,1.27,35.82,62.09703858,Consumer Discretionary
Oil & Natural Gas Corpn. Ltd.,58.89,0,38.06,1384787.4,-11.15164188,243.21,17.69744483,3059765.1,405259.7,1.071090993,12446.9,1110028.1,6171.6,1.05,9.27,77.94904058,Energy
Oil India Ltd.,56.66,0,37.04,221551.8,-4.849603039,406.88,28.39381508,441224.5,55518.5,-18.47982497,1051.8,194377,1386.5,0.95,11.22,143.3392191,Energy
Olectra Greentech Ltd.,50.02,0,8.75,11139.7,-1.801817685,111.98,8.308347035,9191.5,736.4,4.158415842,1,10857.8,0,1.66,199.59,161.0476982,Industrials
One 97 Communications Ltd.,0,0,67.26,76608,27.09325282,194.1,0.139297322,123390,-14762,-20.45479039,134,96637,0,0.43,0,-43.02325581,Information Technology
Oracle Financial Services Software Ltd.,72.75,0,16.4,47845,12.42885811,711.59,2.607028017,61844.9,20279.2,14.40950968,73.8,30084.3,0,0.78,33.71,113.3343628,Information Technology
P B Fintech Ltd.,0,0,66.2,1102.9,-17.78606038,171.31,4.731919056,77293.7,361.9,-148.7998921,0.1,3262.1,0,1,1565.35,110.7815364,Financials
P C B L Chemical Ltd.,51.41,0,13.53,56872.7,-3.177110909,86.87,16.291834,32792.1,5332.9,20.0860186,30.1,52444.9,304.7,1.3,19.39,110.9508963,Materials
P I Industries Ltd.,46.09,0,44.61,74203,14.30089804,572.19,22.32555156,86812,17307,42.86775632,49,59401,1662,0.97,31.86,7.965726104,Materials
P N C Infratech Ltd.,56.07,0,38.81,76992,9.040850664,186.38,21.3095548,47813.2,8497.9,38.97492927,137.1,68867.9,0,1.46,13.66,58.27452364,Industrials
P V R Inox Ltd.,27.84,5.27,57.01,58971,65.69076452,748.05,-0.290577556,73409,-357,-89.27927928,201,60842,0,1.3,0,-6.971260636,Consumer Discretionary
Page Industries Ltd.,45.11,0,47.47,45816.7,-2.811087377,1431.72,16.47480902,15969.2,5691.9,-0.360612691,57,36927.1,0,0.77,67.99,-13.73153244,Consumer Discretionary
Patanjali Foods Ltd.,73.77,0,13.16,317247.2,0.612145872,281.92,3.64324841,102053.1,7651.5,-13.68282117,213.9,311851,0,-0.4,70.23,60.21847492,Consumer Staples
Persistent Systems Ltd.,31.02,0,51.96,65142.1,27.29132634,309.8,-41.60556425,47786.6,9856.7,24.59014321,117.2,56946.5,269.5,0.82,52.86,-28.89123437,Information Technology
Petronet L N G Ltd.,50,0,37.58,527284.3,-11.97163041,113.09,13.5897951,169628,35362,9.144333365,286.4,498089.7,0,0.72,13.16,31.08906712,Energy
Pfizer Ltd.,63.92,0,18.66,21995.6,-9.525944512,785.95,12.10560849,35955.4,5513.3,-11.6359207,19.5,18481.9,0,0.45,38.9,13.47540416,Healthcare
Phoenix Mills Ltd.,47.28,0,48.61,4657.1,-2.266479192,283.1,4.172799529,50590.6,2802.1,-3.508953168,4.3,2957.8,0,1.04,202.78,118.0016601,Consumer Discretionary
Pidilite Industries Ltd.,69.77,0,20.24,111755.6,5.422352192,163.93,17.22683066,83403.9,17994.7,43.13543009,110.6,95025.5,862.2,0.77,85.74,26.03079467,Materials
Piramal Pharma Ltd.,35.02,0,43.08,46023.2,28.66568259,50.74,15.08278521,67120.8,3912.2,462.9064748,92.9,44984.8,1683.5,0,59.4,102.8954802,Healthcare
Poly Medicure Ltd.,53.15,0,19.6,13075.7,22.38810161,151.95,18.12951877,14582.6,2517.2,40.59428061,45.4,11006.6,189.6,0.75,62.91,67.87903555,Healthcare
Polycab India Ltd.,65.24,0,19.18,179724,29.46456228,542.01,22.89918825,81444.2,17696.7,39.45280179,1017.1,165942.9,232.5,1,47.79,76.78412654,Industrials
Power Grid Corpn. Of India Ltd.,51.34,0,45.1,406809.3,-2.160383076,93.4,-21.36061295,868670.5,154746.1,0.906847754,5525,298791.1,1031.3,0.58,18.34,27.22866175,Utilities
Praj Industries Ltd.,32.81,0,32.56,29129.2,-8.66241479,68.61,18.23194899,12610.8,2804.2,18.01691848,2.4,27389,384.7,1.34,36.28,54.10043607,Industrials
Prestige Estates Projects Ltd.,65.48,0,31.03,23857,-42.53540804,170.5,2.791342618,68347,2458,-27.89674391,70,31661,0,1.34,225.19,181.2818423,Consumer Discretionary
Procter & Gamble Hygiene & Health Care Ltd.,70.64,0,16.68,50489.4,8.088192793,209.42,-14.36165862,7748.6,6750.2,-0.460081989,225,44537.7,0,0.42,68.48,15.4600824,Consumer Staples
Quess Corp Ltd.,56.64,0,26.07,155830.5,14.26257504,181.06,12.01435288,26889.6,3429.2,64.97642644,4.3,154276.7,0,1.3,25.79,71.75919548,Industrials
R H I Magnesita India Ltd.,56.07,0,17.06,28241,13.49242071,188.94,1.134782143,39015.8,-553.8,-87.02406336,23.6,27774.9,0,1.09,51.92,1.292935587,Materials
Radico Khaitan Ltd.,40.26,0,43.29,157421.7,21.43615876,177.79,10.43543077,23773.7,2557.6,25.1149594,15.4,155170.1,0,0.93,91.75,55.87491683,Consumer Staples
Rail Vikas Nigam Ltd.,72.84,0,8.5,217325.8,7.154327796,37.73,28.77133106,78672.8,14629.5,15.37733543,5954.4,214591.3,0,1.16,41.75,166.2947466,Industrials
Railtel Corporation Of India Ltd.,72.84,0,4.84,25690.6,31.16282394,56.93,10.80186843,18272.4,2462.1,30.78884462,106.5,23786.5,0,1.58,50.55,248.2352941,Communication Services
Rainbow Children'S Medicare Ltd.,49.83,0,38.8,12365.7,11.00368944,126.62,18.08262613,12852.5,2148.9,4.37126621,0,10586.4,0,0,65.89,73.77898528,Healthcare
Rajesh Exports Ltd.,54.55,0,26.16,54018.4,-6.264435132,170.52,0.364920541,50349,170.3,-43.94338381,0,55683.3,0,0.42,550.21,-43.12214356,Consumer Discretionary
Ramco Cements Ltd.,42.29,22.29,43.05,138482,17.96987075,302.34,5.16173913,71441.2,3949.8,14.97351109,94.7,135208.7,85.1,1.01,49.26,7.932627004,Materials
Ramkrishna Forgings Ltd.,43.17,5.77,28.3,34344.9,17.82207768,147.84,81.6439366,26725.8,3260.7,38.40570483,238.8,32578.1,66.6,1.71,41.82,130.3374233,Materials
Rashtriya Chemicals & Fertilizers Ltd.,75,0,2.93,168806.8,-21.41016515,83.66,0.383969282,46164,2277.4,-76.45246342,1289.9,176071.6,73.8,1.63,0,38.21100917,Materials
Ratnamani Metals & Tubes Ltd.,59.77,0,29,49001.8,8.104447121,459.57,19.35953043,32212.2,6086.1,18.3997043,15.4,44440.7,0,0.61,36.35,46.98097409,Materials
Rattanindia Enterprises Ltd.,74.86,10.94,8.48,65.6,62.37623762,6.87,118.7898089,9489.6,5108.8,-282.41154,0.5,715.9,0,1.25,19.91,87.81407035,Industrials
Raymond Ltd.,49.11,14.56,23.31,65969.7,14.18717643,423.31,25.1100931,28181.4,5266.7,28.3121376,714.4,64301.2,0,1.48,26.67,32.09923065,Consumer Discretionary
Redington Ltd.,0,0,76.7,412286.6,16.65666908,46.36,16.65827881,36242.6,10812.4,0.873232078,315.2,406514.1,0,1.08,16.91,29.80997625,Information Technology
Reliance Industries Ltd.,50.31,0,39.23,5749560,-0.541786026,761.29,7.517724487,5150960,420420,-4.860828242,23490,5423420,19730,0.9,47.05,21.21462508,Energy
Rites Ltd.,72.2,0,15.28,23057.2,-8.261450807,104.32,0.153609831,25068.7,4541.1,-14.40607683,67.2,19639.3,6.9,0.75,37.05,77.58307373,Industrials
Route Mobile Ltd.,58,0,21.67,6670.8,24.50167973,189.33,4.950110865,11887.7,1263.3,40.63230547,0,6453.6,0,0.84,78.41,19.925241,Information Technology
S J V N Ltd.,81.85,0,5.71,25372.6,-10.05430929,35.7,1.506966164,140302.8,9084,-33.37489457,82.2,20865.7,15.4,0.7,70.1,278.0590717,Utilities
S K F India Ltd.,52.58,0,35.76,45739.7,6.15513512,542.67,14.57919851,26828.4,5517.7,5.141104061,128.5,41267,0,0.82,41.51,10.99102773,Industrials
S R F Ltd.,50.3,0,35.04,110588.8,-9.730355385,354.65,13.61888896,105137.1,13740.3,-32.0916693,317.2,100166.1,1259.5,1,61.85,3.180789292,Materials
Samvardhana Motherson Intl. Ltd.,60.36,2,30.66,89715,13.56760383,47.08,1.487389524,319286,9439,20.08905852,280,86964,0,1.74,88.88,78.74659401,Industrials
Sanofi India Ltd.,60.4,0,28.99,28513,2.994509464,450.26,73.41703898,10155,6032,-2.803738318,147,26323,0,0.49,35.32,49.46859123,Healthcare
Sapphire Foods India Ltd.,30.84,0,62.33,22360.8,12.86891824,192.84,6.523780589,12290.9,507.7,-77.57112564,0,22168.8,0,1.15,211.03,18.97813271,Consumer Discretionary
Saregama India Ltd.,59.09,0,18.9,7216.6,8.201391388,70.1,10.65509077,14624.9,2029.9,12.4722961,1.6,6761.4,0,1.39,51.06,30.47561345,Communication Services
Schaeffler India Ltd.,74.13,0,20.31,73080,5.291214926,296.64,12.26158038,48153.6,9090.3,3.391681168,221.1,65977,921,0.75,62.64,32.98434037,Industrials
Schneider Electric Infrastructure Ltd.,75,0,4.55,22066.8,24.16680265,8.02,311.2820513,2961.7,1720.3,39.14907385,46.4,20392.9,0,1.31,95.9,356.1581921,Industrials
Shipping Corpn. Of India Ltd.,63.75,0,12.52,48241.3,-14.86774326,149.5,9.299605205,69636.2,6121.5,-23.49272609,2465.6,47402.6,0,1.22,22.86,149.1776316,Industrials
Shree Cement Ltd.,62.55,0,24.81,261261.3,16.21442491,5649.69,11.46120838,203844.9,24684.4,85.85831206,1543.9,245169.5,192,1.03,36.78,0.453677811,Materials
Shree Renuka Sugars Ltd.,62.48,0,13.45,108474.8,25.96329146,-5.28,76.58862876,-1456.8,-5595.1,312.2227953,228.6,120578.1,0,1.26,0,-4.482390608,Consumer Staples
Shyam Metalics & Energy Ltd.,74.59,0,7.19,66684.5,6.811068647,199.4,32.07922104,55649.2,3514,17.51329298,0,64417.9,0,1.09,52.08,113.7444784,Materials
Siemens Ltd.,75,6.67,15.71,204966,14.09121018,393.92,15.04672897,152470,26651,39.4391252,11,189809,662,0.91,99.77,69.3442718,Industrials
Sobha Ltd.,52.28,0,29.43,31010.5,-6.760576085,248.61,0.721144107,23579.4,465.7,-51.12813517,148,36252.5,0,1.72,548.74,287.4713772,Consumer Discretionary
Solar Industries India Ltd.,73.15,0.55,20.63,37781.9,-10.52582969,259.31,32.76162195,23464.7,5963,33.88266463,25.8,32213.1,35.5,0.65,137.27,134.5350175,Materials
Sona B L W Precision Forgings Ltd.,29.71,0,61.7,28872.2,17.95741273,43.89,14.20765027,25740.3,4844.8,24.83702234,1.4,24884,369.8,1.12,75.48,30.28125,Industrials
Sonata Software Ltd.,28.17,0,34.02,9537.1,3.128311598,25.21,-36.16105343,7066.8,3588,62.81708036,26.3,9255.4,0,1.03,54.93,-19.14009944,Information Technology
Steel Authority Of India Ltd.,65,0,19.04,1050284.7,0.867726707,131.05,3.818426681,541305.4,27331.1,43.61584177,5606.6,1071424.6,2394.7,1.73,21.77,98.30917874,Materials
Sterling & Wilson Renewable Energy Ltd.,52.94,37.16,21.14,27061.7,85.46843945,114.95,86.54657579,26805.6,872.5,-124.5760802,268.1,28929.3,0,1.34,257.4,120.8550749,Industrials
Sumitomo Chemical India Ltd.,75,0,9.39,31590.6,-19.25271197,48.89,2.537751678,24402.5,3696.7,-26.57119021,30.1,28020.5,111.2,0.87,54.47,-0.42204568,Materials
Sun Pharma Advanced Research Co. Ltd.,65.67,2.78,3.91,755.4,-68.36418461,3.85,-75.63291139,1248.6,-3881.1,74.36876629,2.3,4931,4793.4,1.26,0,19.31176168,Healthcare
Sun Pharmaceutical Inds. Ltd.,54.48,2.05,36.55,202360.2,-5.354774257,98.75,-0.232370176,236944,28581.8,69.05105517,4161.1,181457.1,19070.8,0.68,122.12,52.08829039,Healthcare
Sun T V Network Ltd.,75,0,15.37,41535.4,13.28505775,259.72,12.00621011,103533.5,18751.5,11.98067517,49.1,27550.4,0,1.2,13.92,51.78323298,Communication Services
Sundram Fasteners Ltd.,48.51,0,31.22,49913.3,-0.42532393,156.06,12.81717632,32792.2,4797.1,3.443740027,49.4,45693.3,114,1,52.2,6.772775069,Industrials
Supreme Industries Ltd.,48.85,0,36.09,101050.1,10.23318577,354.14,17.00531932,44985,10161.7,32.92477141,77,92424.6,0,0.86,65.63,85.9835403,Industrials
Suven Pharmaceuticals Ltd.,50.1,0,26.79,10250,-22.9369662,80.76,17.52037253,20559,3048.2,-29.53767915,13.4,7221.6,111.2,1.11,54.73,39.95549905,Healthcare
Suzlon Energy Ltd.,13.29,0,25.86,38961.2,6.905568742,2.65,126.4957265,36068.5,934.3,-97.44974137,60.6,158141.7,779.2,1.29,69.66,401.2048193,Industrials
Swan Energy Ltd.,53.96,18.4,25.5,3858.2,-29.49453602,145.74,200.1853759,45682.2,21.7,-40.38461538,2.3,4003.2,0,0.76,8839.48,180.8510638,Energy
Syngene International Ltd.,54.79,0,37.02,32068,0.303399956,104.14,15.67255359,41915,4665,-1.374207188,1,27724,0,0.69,59.84,1.794682422,Healthcare
Syrma S G S Technology Ltd.,46.89,0,18.75,18354.9,61.63173653,81.19,-1.360709513,14416,200.3,-63.58843847,112.4,19750.3,50,0,457.85,65.27189565,Information Technology
T V S Motor Co. Ltd.,50.27,0,41.09,315393.5,20.6370948,162.73,27.83189317,77310.4,20830,39.70208514,2429.7,300739,0,1.07,47.04,80.9636755,Consumer Discretionary
Tanla Platforms Ltd.,44.15,0,15.8,10121.2,-11.8907296,44.29,4.927742241,5955.9,1525.9,-11.94529402,141.7,9972,0,1.1,81.06,35.41589649,Communication Services
Tata Chemicals Ltd.,37.98,0,33.83,45340,-9.374375375,735.01,17.09015022,187250,8960,-12.75559883,210,41590,280,1.09,43.15,12.53804975,Materials
Tata Communications Ltd.,58.86,0,31.37,80679.7,10.30903873,347.02,0.291899078,98901.4,6386.3,-4.131201681,2684.1,80685,0,1.19,100.91,36.262308,Communication Services
Tata Consultancy Services Ltd.,71.77,0.28,23.37,2023840,6.307517754,199.33,-2.15011536,721200,435590,11.38699944,530,1663120,4190,0.67,31.23,18.68136988,Information Technology
Tata Consumer Products Ltd.,33.55,0,42.85,99982.7,10.52807291,142.8,-0.819558272,136067.4,9805.8,-12.44274196,121.3,93203.5,242.7,0.9,92.76,45.10047784,Consumer Staples
Tata Elxsi Ltd.,43.92,0,20.61,35636.8,13.09033441,402.34,20.13018034,25056.4,7922.3,4.904725963,64.1,28826.2,652.5,1.08,55.43,6.145764345,Information Technology
Tata Motors Ltd.,46.36,0,35.34,848353.1,6.206620353,90.38,34.19450631,301430.5,79020.8,189.6518861,2085.7,824512.3,0,1.78,79.08,107.8358594,Consumer Discretionary
Tata Power Co. Ltd.,46.86,0,25.23,204000.8,7.861257129,49.41,15.25542337,157876.6,22456.6,-31.56772043,102.4,202434.4,0,1.49,71.86,123.3963202,Utilities
Tata Steel Ltd.,33.19,0,43.28,1409874.3,-1.347593073,110.3,-1.306370795,1376936.5,48074,-67.26375104,320.6,1396700.9,2852.9,1.41,12.04,52.84854099,Materials
Tata Teleservices (Maharashtra) Ltd.,74.36,0,2.52,11951.9,7.801028231,-134.1,4.91315913,-192529.5,-12284.4,7.313578866,6.5,24362.5,0,1.34,0,34.28571429,Communication Services
Tech Mahindra Ltd.,35.09,0,53.74,421256,-1.306831227,237.19,-8.318194117,231705,21286,-43.65056254,1666,412264,0,0.8,50.9,23.42483149,Information Technology
Techno Electric & Engg. Co. Ltd.,61.51,0,27.62,16808.7,73.89149821,203.65,11.93250522,21917.1,2697.4,23.52429363,0.4,15043.9,0,0.92,39.99,173.0758881,Industrials
Tejas Networks Ltd.,55.6,0,16.1,22141,154.1874749,187.3,4.988789238,32023.1,819.8,2596.710526,1575.6,23767.3,1230.6,1.57,240.42,73.72855625,Information Technology
Thermax Ltd.,61.98,0,33.54,58284.3,12.7809641,296.81,9.90927606,35367,4374.4,32.85549414,368.5,56972.4,350.2,0.82,149.33,104.211401,Industrials
Timken India Ltd.,57.7,0,30.84,29100.7,3.667459888,321.36,18.6574604,24172.7,3921.4,0.355726168,69.4,26439.2,0,0.83,64.41,11.96976553,Industrials
Titagarh Rail Systems Ltd.,42.46,0.06,31,38533,38.58149346,165.45,105.4513846,22282,2969.1,187.2303376,13.2,35656.8,14.4,1.45,48.63,218.3897667,Industrials
Titan Company Ltd.,52.9,0,29.53,471140,23.10948524,162.84,20.53293856,144570,35440,6.330633063,680,462570,258.6,1.23,90.63,35.86123361,Consumer Discretionary
Torrent Pharmaceuticals Ltd.,71.25,0,21.4,85180.3,11.25444892,201.77,5.777195282,68287.6,13570.8,29.07484378,291.8,73502.1,4039.7,0.46,66.05,59.93161048,Healthcare
Torrent Power Ltd.,53.57,0,29.34,198553.5,5.840501629,250.08,9.310254393,120385,17980.3,-14.53092617,2031.3,187878.7,0,0.81,43.22,172.2343127,Utilities
Trent Ltd.,37.01,0,40.7,128198.5,53.92322719,125.1,44.39058172,44471.9,14358.2,158.9069008,0,124559.6,0,1.14,231.04,222.4200329,Consumer Discretionary
Trident Ltd.,73.19,0,3.96,67112.2,7.077646698,7.19,5.270863836,43091,3895.8,-7.660583077,336.9,65742.3,0,1.44,58.06,26.52733119,Consumer Staples
Triveni Engineering & Inds. Ltd.,60.98,0,13.51,61496.7,-2.042874073,132.09,8.724997942,28913.9,3915.2,-79.65083342,171.8,62263.6,0,1.11,20.82,26.40851212,Industrials
Triveni Turbine Ltd.,55.84,0,39.97,13786.7,27.19179283,24.05,22.32960326,7645.9,2090.5,44.30178781,3.1,12635.5,180.1,1.29,81.78,47.15302491,Industrials
Tube Investments Of India Ltd.,45.1,0.01,43.57,77291.2,5.147508958,205.32,20.4293507,39704.4,7345.1,10.41942273,501.1,72389.5,178.4,1.15,98.99,44.54657809,Industrials
U P L Ltd.,32.35,0,48.96,53590,-44.15963322,100.32,6.530742275,75300,12080,23.8974359,60,48750,770,1.2,45.21,-31.49398892,Materials
Ultratech Cement Ltd.,59.95,0,32.11,678029.8,11.75657126,2046.96,10.64409418,590952.3,69048.7,39.45034727,7122.8,624547.6,153.7,1,42.56,31.96911146,Materials
United Breweries Ltd.,70.83,12.4,23.92,183722.4,10.39099002,157.87,5.373114404,41740.7,4093.9,34.9074013,186.2,180686.8,0,0.84,134.09,37.74248057,Consumer Staples
United Spirits Ltd.,56.67,1.18,28.96,253890,-7.937486402,95.74,17.14180839,69630,13120,24.7148289,70,243140,190,0.83,70.46,51.45081387,Consumer Staples
Uno Minda Ltd.,68.76,0,24.74,89481.4,25.68424364,66.17,15.54042256,38054.9,5858.3,26.59751486,507.2,86561.5,2062.9,1.07,72.99,41.59631619,Industrials
Usha Martin Ltd.,46.05,0,18.38,20481.3,0.109487802,43.3,22.3509466,13197.9,3221.1,50.72999532,28.3,17725.4,63.6,1.3,39.34,76.85272045,Industrials
V I P Industries Ltd.,51.76,0,20.76,22189.8,0.171995829,43.45,1.400233372,6167.5,280.2,-82.58870316,8,24835.8,0,1.22,0,-7.48253514,Consumer Discretionary
Vardhman Textiles Ltd.,64.13,0,22.82,92986.8,-5.508805695,304.47,6.149984311,88049.5,6076.3,-18.88208045,1451.7,90016.6,19.5,1.02,22.09,40.24236701,Consumer Discretionary
Varroc Engineering Ltd.,75,0,16.36,44483.1,12.56528737,59.59,64.25027563,9104.7,3570.7,-125.7479503,1256.8,42899,915.3,1.73,21.3,80.40494166,Industrials
Varun Beverages Ltd.,62.91,0.04,29.93,129628.3,12.74702603,56.87,-36.59270822,70758.1,17751.3,39.75200756,141.1,113985.4,0,0.79,100.34,2.369914199,Consumer Staples
Vedant Fashions Ltd.,74.97,0,20.77,13525.9,2.721853047,65.77,14.4622346,15974.4,4145.7,-1.967414694,149.3,9901.7,0,0.82,56.34,-25.04028613,Consumer Discretionary
Vedanta Ltd.,61.95,99.99,22.18,707570,3.93213866,176.3,5.31660693,655360,66230,-68.84613575,1870,756820,0,1.56,14.75,42.41990335,Materials
V-Guard Industries Ltd.,54.48,0,33.52,49111.7,14.15219766,40.7,12.6799557,17680.7,2309.1,28.76979701,49.4,47690.4,237.9,0.68,64.61,34.61538462,Industrials
Vijaya Diagnostic Centre Ltd.,54.06,0,40.89,5253.9,16.76890252,63.83,19.53183521,6533.1,1146,37.69073651,2,4350.5,0,0.55,62.43,85.25827815,Healthcare
Vinati Organics Ltd.,74.28,0.84,12.25,18999.6,-8.335826008,237.73,10.38725854,24644.1,3233.9,-22.84991769,16.5,16151,0,0.9,52.6,-17.33299659,Materials
Vodafone Idea Ltd.,36.87,0,38.25,422530,0.834299842,-12.88,-15.09558339,-1036440,-312362,6.579818342,0,744592,0,1.26,0,89.92805755,Communication Services
Voltas Ltd.,30.3,0,55.3,86364.4,13.51354904,226.62,10.70835369,74984,6042.6,-57.001658,1137.3,87735.6,228.5,1.05,83.53,84.56291847,Industrials
Welspun Corp Ltd.,50.14,0,22.72,91053.9,17.65893937,136.2,11.06580771,35638.7,4763.5,71.84963383,38.9,84862.4,46.3,1.8,32.37,150.6551188,Materials
Welspun Living Ltd.,70.5,0,13.59,80984.4,28.28968004,38.5,11.62655842,37410.3,5959.4,384.9772135,1351.8,79259.2,443,1.32,24.33,71.11872146,Consumer Discretionary
Whirlpool Of India Ltd.,51,0,40.15,88689.9,1.274699224,254.17,3.797933597,32246.6,1673.7,-9.461213892,217.1,87292.8,192,0.52,110.65,13.88458486,Consumer Discretionary
Wipro Ltd.,72.89,0,15.36,667924,-1.418379004,110.58,-3.305351522,577819,91186,-0.633125198,708,608336,0,0.88,27.12,20.1038961,Information Technology
Z F Commercial Vehicle Control Systems India Ltd.,75,0,18.01,37839.3,9.851390151,1470.21,15.75362958,27886.4,4047.8,27.42153807,0.8,34784.7,497,0.26,64.21,34.08731344,Industrials
Zee Entertainment Enterprises Ltd.,3.99,5.38,54.63,80993,8.770916709,104.18,3.046488625,100063,3015,83.95363026,58,79275,0,1.4,25.09,-25.31130877,Communication Services
Zensar Technologies Ltd.,49.17,0,34.06,20269,10.36754696,118.27,16.315893,26806,4770,54.6692607,14,17212,0,0.91,29.27,120.3953279,Information Technology
Zomato Ltd.,0,0,71.96,67960,42.68318287,25.84,6.425041186,227750,13710,1071.794872,60,64330,0,1.59,124.44,197.6117103,Consumer Discretionary
Zydus Lifesciences Ltd.,74.98,0,18.35,108252,24.11088945,156.19,15.9109462,157165,34415,125.0523149,360,86795,8560,0.61,27.95,83.41027121,Healthcare